<?xml version="1.0" encoding="UTF-8"?>
<deploy xmlns="http://www.apache.org/ode/schemas/dd/2007/03" xmlns:invoc.sw.loanApprovalService="http://invoc.sw.loanApprovalService" xmlns:services.loan="http://services.loan">
  <process name="invoc.sw.loanApprovalService:invoc-sw-loanApprovalService">
    <active>true</active>
    <retired>false</retired>
    <process-events generate="all"/>
    <provide partnerLink="client">
      <service name="invoc.sw.loanApprovalService:invoc-sw-loanApprovalServiceService" port="invoc-sw-loanApprovalServicePort"/>
    </provide>
    <invoke partnerLink="PL-SW-LoanApprovalService">
      <service name="services.loan:LoanApprovalService" port="LoanApprovalServiceHttpSoap11Endpoint"/>
    </invoke>
  </process>
</deploy>